student_key,programme_id,gender,international_flag,study_level,length_of_stay_months,age_band
STU-00001,P05,Female,0,Undergraduate,37,25-34
STU-00002,P03,Male,0,Undergraduate,31,21-24
STU-00003,P05,Female,1,Postgraduate,13,25-34
STU-00004,P01,Female,0,Undergraduate,6,21-24
STU-00005,P03,Female,1,Postgraduate,4,21-24
STU-00006,P06,Female,0,Undergraduate,41,18-20
STU-00007,P02,Female,0,Postgraduate,30,21-24
STU-00008,P03,Male,1,Postgraduate,36,21-24
STU-00009,P03,Female,1,Undergraduate,15,18-20
STU-00010,P01,Female,1,Postgraduate,3,18-20
STU-00011,P01,Female,0,Postgraduate,26,21-24
STU-00012,P04,Male,0,Undergraduate,10,21-24
STU-00013,P03,Male,0,Undergraduate,36,25-34
STU-00014,P02,Male,0,Undergraduate,13,21-24
STU-00015,P03,Female,0,Undergraduate,15,21-24
STU-00016,P01,Female,1,Undergraduate,37,21-24
STU-00017,P04,Female,1,Undergraduate,27,21-24
STU-00018,P03,Female,0,Undergraduate,12,25-34
STU-00019,P06,Female,0,Postgraduate,32,18-20
STU-00020,P02,Male,0,Postgraduate,30,18-20
STU-00021,P01,Male,0,Undergraduate,47,18-20
STU-00022,P02,Male,1,Undergraduate,16,21-24
STU-00023,P03,Female,0,Undergraduate,21,25-34
STU-00024,P03,Female,0,Undergraduate,43,18-20
STU-00025,P04,Female,0,Undergraduate,41,21-24
STU-00026,P04,Female,0,Undergraduate,44,25-34
STU-00027,P02,Male,0,Postgraduate,6,35+
STU-00028,P03,Female,0,Undergraduate,24,25-34
STU-00029,P01,Female,0,Undergraduate,21,18-20
STU-00030,P03,Female,1,Undergraduate,9,18-20
STU-00031,P06,Female,0,Undergraduate,39,21-24
STU-00032,P01,Female,1,Postgraduate,5,18-20
STU-00033,P01,Female,0,Postgraduate,33,18-20
STU-00034,P01,Female,0,Postgraduate,8,21-24
STU-00035,P06,Prefer not to say,0,Undergraduate,31,21-24
STU-00036,P05,Male,1,Undergraduate,34,21-24
STU-00037,P04,Female,1,Undergraduate,43,18-20
STU-00038,P03,Female,1,Undergraduate,10,18-20
STU-00039,P05,Male,0,Undergraduate,27,21-24
STU-00040,P01,Male,0,Undergraduate,35,21-24
STU-00041,P04,Male,0,Undergraduate,31,25-34
STU-00042,P03,Female,0,Undergraduate,11,21-24
STU-00043,P05,Male,0,Postgraduate,23,21-24
STU-00044,P01,Prefer not to say,0,Undergraduate,37,21-24
STU-00045,P04,Male,0,Undergraduate,1,18-20
STU-00046,P02,Female,0,Undergraduate,14,18-20
STU-00047,P01,Male,0,Undergraduate,8,18-20
STU-00048,P04,Female,0,Postgraduate,1,35+
STU-00049,P04,Female,0,Undergraduate,3,18-20
STU-00050,P03,Male,0,Postgraduate,36,35+
STU-00051,P06,Female,0,Postgraduate,38,18-20
STU-00052,P03,Female,0,Undergraduate,22,25-34
STU-00053,P02,Male,0,Undergraduate,20,18-20
STU-00054,P01,Prefer not to say,1,Undergraduate,12,18-20
STU-00055,P01,Female,1,Postgraduate,37,18-20
STU-00056,P03,Male,0,Undergraduate,24,21-24
STU-00057,P02,Male,1,Postgraduate,28,21-24
STU-00058,P05,Female,0,Postgraduate,43,21-24
STU-00059,P05,Female,0,Undergraduate,18,18-20
STU-00060,P05,Female,0,Undergraduate,31,25-34
STU-00061,P02,Male,0,Undergraduate,30,21-24
STU-00062,P04,Female,0,Postgraduate,30,25-34
STU-00063,P02,Male,0,Postgraduate,39,18-20
STU-00064,P02,Female,0,Undergraduate,17,25-34
STU-00065,P05,Male,1,Postgraduate,22,25-34
STU-00066,P02,Male,0,Undergraduate,32,21-24
STU-00067,P06,Male,0,Postgraduate,5,18-20
STU-00068,P05,Male,0,Undergraduate,39,18-20
STU-00069,P01,Male,1,Postgraduate,24,21-24
STU-00070,P04,Female,0,Undergraduate,3,35+
STU-00071,P06,Female,1,Undergraduate,21,21-24
STU-00072,P04,Male,0,Postgraduate,16,25-34
STU-00073,P02,Male,0,Undergraduate,28,25-34
STU-00074,P05,Female,0,Undergraduate,19,25-34
STU-00075,P04,Male,0,Undergraduate,25,21-24
STU-00076,P03,Female,1,Postgraduate,40,18-20
STU-00077,P03,Female,0,Undergraduate,8,21-24
STU-00078,P04,Female,0,Undergraduate,9,21-24
STU-00079,P04,Female,1,Postgraduate,46,18-20
STU-00080,P06,Male,1,Undergraduate,4,21-24
STU-00081,P01,Female,0,Undergraduate,16,25-34
STU-00082,P06,Male,1,Undergraduate,41,35+
STU-00083,P01,Female,1,Undergraduate,20,18-20
STU-00084,P01,Male,0,Undergraduate,34,25-34
STU-00085,P06,Male,0,Undergraduate,4,21-24
STU-00086,P05,Female,0,Undergraduate,24,18-20
STU-00087,P01,Male,1,Undergraduate,3,18-20
STU-00088,P06,Female,0,Undergraduate,17,21-24
STU-00089,P01,Female,0,Undergraduate,10,18-20
STU-00090,P04,Female,1,Postgraduate,7,18-20
STU-00091,P04,Male,0,Undergraduate,48,21-24
STU-00092,P04,Female,1,Undergraduate,26,18-20
STU-00093,P02,Female,1,Postgraduate,29,21-24
STU-00094,P03,Male,0,Postgraduate,45,25-34
STU-00095,P05,Female,1,Undergraduate,9,21-24
STU-00096,P05,Female,0,Undergraduate,19,18-20
STU-00097,P02,Female,0,Undergraduate,26,25-34
STU-00098,P01,Prefer not to say,0,Postgraduate,11,21-24
STU-00099,P06,Female,0,Undergraduate,36,25-34
STU-00100,P04,Male,0,Undergraduate,27,25-34
STU-00101,P01,Male,0,Undergraduate,16,21-24
STU-00102,P06,Male,0,Undergraduate,3,18-20
STU-00103,P02,Male,0,Undergraduate,44,21-24
STU-00104,P04,Female,0,Postgraduate,34,21-24
STU-00105,P04,Non-binary,0,Undergraduate,37,18-20
STU-00106,P05,Female,1,Postgraduate,7,18-20
STU-00107,P03,Female,0,Undergraduate,45,21-24
STU-00108,P05,Female,0,Postgraduate,8,18-20
STU-00109,P01,Male,1,Undergraduate,47,25-34
STU-00110,P05,Female,0,Postgraduate,32,25-34
STU-00111,P04,Prefer not to say,0,Postgraduate,44,18-20
STU-00112,P06,Female,0,Undergraduate,12,18-20
STU-00113,P02,Female,0,Undergraduate,42,25-34
STU-00114,P03,Female,0,Undergraduate,36,21-24
STU-00115,P05,Male,0,Undergraduate,43,21-24
STU-00116,P03,Female,0,Postgraduate,39,21-24
STU-00117,P05,Female,1,Undergraduate,13,18-20
STU-00118,P06,Female,0,Undergraduate,41,21-24
STU-00119,P03,Female,0,Undergraduate,23,35+
STU-00120,P05,Female,0,Undergraduate,35,25-34
STU-00121,P03,Female,1,Postgraduate,18,18-20
STU-00122,P02,Female,0,Undergraduate,21,18-20
STU-00123,P05,Female,0,Undergraduate,15,21-24
STU-00124,P01,Prefer not to say,0,Undergraduate,32,21-24
STU-00125,P04,Male,0,Undergraduate,32,18-20
STU-00126,P05,Female,0,Undergraduate,2,21-24
STU-00127,P04,Female,1,Postgraduate,1,25-34
STU-00128,P06,Female,0,Undergraduate,6,21-24
STU-00129,P02,Male,1,Postgraduate,40,21-24
STU-00130,P02,Male,0,Undergraduate,7,18-20
STU-00131,P04,Female,0,Undergraduate,13,35+
STU-00132,P03,Female,0,Postgraduate,13,18-20
STU-00133,P01,Female,0,Undergraduate,23,18-20
STU-00134,P04,Female,0,Undergraduate,7,21-24
STU-00135,P02,Female,0,Postgraduate,43,18-20
STU-00136,P04,Male,0,Postgraduate,36,18-20
STU-00137,P05,Male,1,Undergraduate,11,18-20
STU-00138,P06,Male,0,Undergraduate,39,18-20
STU-00139,P06,Female,0,Undergraduate,3,21-24
STU-00140,P03,Female,0,Undergraduate,29,21-24
STU-00141,P06,Male,0,Undergraduate,15,18-20
STU-00142,P06,Female,0,Undergraduate,13,25-34
STU-00143,P02,Male,1,Undergraduate,14,21-24
STU-00144,P05,Male,0,Undergraduate,38,35+
STU-00145,P03,Male,0,Undergraduate,17,21-24
STU-00146,P03,Male,0,Undergraduate,24,21-24
STU-00147,P02,Male,0,Undergraduate,34,21-24
STU-00148,P06,Prefer not to say,0,Undergraduate,41,18-20
STU-00149,P01,Female,0,Undergraduate,18,18-20
STU-00150,P06,Male,1,Undergraduate,9,21-24
STU-00151,P01,Female,1,Undergraduate,28,18-20
STU-00152,P01,Female,0,Undergraduate,25,21-24
STU-00153,P04,Female,1,Undergraduate,15,25-34
STU-00154,P05,Female,0,Undergraduate,45,21-24
STU-00155,P05,Non-binary,0,Undergraduate,48,21-24
STU-00156,P03,Male,0,Undergraduate,25,35+
STU-00157,P01,Female,1,Undergraduate,31,21-24
STU-00158,P01,Female,0,Undergraduate,47,18-20
STU-00159,P03,Female,1,Undergraduate,18,21-24
STU-00160,P06,Female,0,Undergraduate,14,25-34
STU-00161,P03,Male,0,Undergraduate,37,21-24
STU-00162,P05,Female,0,Undergraduate,27,35+
STU-00163,P01,Female,1,Undergraduate,35,25-34
STU-00164,P05,Male,0,Undergraduate,12,18-20
STU-00165,P06,Female,1,Undergraduate,22,18-20
STU-00166,P05,Male,0,Undergraduate,28,21-24
STU-00167,P05,Non-binary,0,Postgraduate,5,35+
STU-00168,P02,Female,0,Postgraduate,19,18-20
STU-00169,P04,Non-binary,1,Undergraduate,46,18-20
STU-00170,P04,Female,0,Undergraduate,9,25-34
STU-00171,P03,Female,0,Postgraduate,27,18-20
STU-00172,P06,Prefer not to say,1,Undergraduate,38,21-24
STU-00173,P06,Female,0,Postgraduate,22,21-24
STU-00174,P03,Non-binary,0,Undergraduate,36,21-24
STU-00175,P03,Female,1,Undergraduate,16,21-24
STU-00176,P03,Male,1,Undergraduate,16,18-20
STU-00177,P01,Male,0,Postgraduate,4,18-20
STU-00178,P03,Male,0,Undergraduate,32,21-24
STU-00179,P04,Female,0,Undergraduate,35,21-24
STU-00180,P02,Male,0,Postgraduate,44,21-24
STU-00181,P01,Female,1,Undergraduate,33,18-20
STU-00182,P02,Female,0,Undergraduate,39,18-20
STU-00183,P05,Female,0,Undergraduate,22,18-20
STU-00184,P03,Male,0,Postgraduate,9,18-20
STU-00185,P02,Female,1,Postgraduate,43,18-20
STU-00186,P06,Male,0,Postgraduate,45,35+
STU-00187,P02,Female,0,Undergraduate,22,21-24
STU-00188,P04,Male,0,Undergraduate,21,21-24
STU-00189,P01,Female,0,Undergraduate,5,21-24
STU-00190,P01,Female,0,Postgraduate,26,21-24
STU-00191,P06,Female,0,Undergraduate,24,21-24
STU-00192,P04,Male,0,Undergraduate,43,18-20
STU-00193,P01,Male,0,Undergraduate,10,18-20
STU-00194,P04,Non-binary,0,Undergraduate,34,21-24
STU-00195,P04,Male,0,Undergraduate,42,18-20
STU-00196,P02,Female,0,Undergraduate,19,21-24
STU-00197,P04,Female,1,Undergraduate,7,18-20
STU-00198,P03,Female,0,Undergraduate,9,18-20
STU-00199,P02,Male,0,Postgraduate,8,21-24
STU-00200,P05,Male,0,Undergraduate,32,18-20
STU-00201,P04,Female,1,Undergraduate,37,21-24
STU-00202,P06,Female,0,Undergraduate,28,18-20
STU-00203,P05,Male,0,Postgraduate,5,18-20
STU-00204,P02,Female,1,Undergraduate,32,18-20
STU-00205,P04,Male,1,Undergraduate,6,18-20
STU-00206,P04,Female,0,Undergraduate,12,18-20
STU-00207,P03,Non-binary,0,Undergraduate,2,21-24
STU-00208,P03,Male,0,Undergraduate,37,35+
STU-00209,P05,Male,0,Undergraduate,14,18-20
STU-00210,P04,Non-binary,1,Postgraduate,47,18-20
STU-00211,P06,Female,0,Undergraduate,40,25-34
STU-00212,P04,Female,1,Undergraduate,39,21-24
STU-00213,P01,Male,0,Postgraduate,34,25-34
STU-00214,P05,Female,0,Undergraduate,40,25-34
STU-00215,P05,Female,0,Undergraduate,5,18-20
STU-00216,P05,Male,1,Undergraduate,20,21-24
STU-00217,P02,Male,0,Postgraduate,23,35+
STU-00218,P04,Female,0,Undergraduate,40,18-20
STU-00219,P05,Male,0,Undergraduate,44,18-20
STU-00220,P03,Female,0,Undergraduate,32,25-34
STU-00221,P02,Female,0,Undergraduate,2,18-20
STU-00222,P04,Male,0,Undergraduate,12,25-34
STU-00223,P06,Male,0,Undergraduate,29,21-24
STU-00224,P02,Female,1,Undergraduate,27,18-20
STU-00225,P03,Female,0,Undergraduate,43,25-34
STU-00226,P01,Female,0,Undergraduate,15,21-24
STU-00227,P02,Male,1,Undergraduate,7,21-24
STU-00228,P03,Male,1,Undergraduate,12,18-20
STU-00229,P05,Female,1,Undergraduate,29,18-20
STU-00230,P04,Female,1,Undergraduate,21,21-24
STU-00231,P04,Male,0,Undergraduate,36,18-20
STU-00232,P04,Male,0,Undergraduate,26,18-20
STU-00233,P05,Female,0,Postgraduate,33,18-20
STU-00234,P02,Male,1,Postgraduate,41,21-24
STU-00235,P01,Female,0,Undergraduate,20,35+
STU-00236,P04,Male,1,Postgraduate,20,21-24
STU-00237,P02,Female,0,Postgraduate,4,18-20
STU-00238,P02,Female,1,Undergraduate,4,25-34
STU-00239,P05,Male,0,Undergraduate,18,25-34
STU-00240,P06,Female,1,Postgraduate,47,25-34
STU-00241,P01,Non-binary,1,Undergraduate,2,21-24
STU-00242,P01,Female,0,Undergraduate,19,21-24
STU-00243,P03,Male,0,Undergraduate,6,21-24
STU-00244,P01,Non-binary,0,Undergraduate,33,21-24
STU-00245,P04,Female,0,Undergraduate,39,21-24
STU-00246,P02,Male,0,Undergraduate,18,35+
STU-00247,P02,Female,1,Undergraduate,21,25-34
STU-00248,P02,Female,0,Postgraduate,18,25-34
STU-00249,P01,Male,1,Undergraduate,44,18-20
STU-00250,P06,Female,1,Undergraduate,1,18-20
STU-00251,P03,Prefer not to say,0,Undergraduate,9,18-20
STU-00252,P04,Male,0,Undergraduate,41,21-24
STU-00253,P01,Male,0,Undergraduate,33,21-24
STU-00254,P05,Female,1,Undergraduate,12,21-24
STU-00255,P04,Female,0,Undergraduate,22,21-24
STU-00256,P03,Male,1,Undergraduate,11,18-20
STU-00257,P05,Prefer not to say,1,Undergraduate,45,18-20
STU-00258,P04,Female,0,Undergraduate,1,35+
STU-00259,P04,Female,0,Undergraduate,4,25-34
STU-00260,P04,Male,1,Postgraduate,41,21-24
STU-00261,P03,Female,0,Undergraduate,34,25-34
STU-00262,P02,Male,0,Undergraduate,10,21-24
STU-00263,P06,Female,0,Undergraduate,24,25-34
STU-00264,P05,Female,0,Postgraduate,11,18-20
STU-00265,P03,Male,1,Undergraduate,30,21-24
STU-00266,P06,Male,0,Undergraduate,38,21-24
STU-00267,P05,Male,1,Undergraduate,47,18-20
STU-00268,P04,Male,1,Undergraduate,48,21-24
STU-00269,P03,Male,0,Undergraduate,10,18-20
STU-00270,P01,Non-binary,0,Undergraduate,45,35+
STU-00271,P05,Female,0,Undergraduate,26,21-24
STU-00272,P04,Female,0,Undergraduate,48,21-24
STU-00273,P01,Male,1,Postgraduate,47,25-34
STU-00274,P01,Male,1,Postgraduate,18,21-24
STU-00275,P03,Female,0,Undergraduate,38,18-20
STU-00276,P05,Male,0,Undergraduate,37,25-34
STU-00277,P03,Male,0,Undergraduate,46,18-20
STU-00278,P05,Female,0,Undergraduate,17,21-24
STU-00279,P06,Male,1,Undergraduate,12,25-34
STU-00280,P03,Female,0,Undergraduate,15,18-20
STU-00281,P03,Male,0,Undergraduate,20,18-20
STU-00282,P01,Female,1,Postgraduate,30,18-20
STU-00283,P01,Male,1,Undergraduate,39,21-24
STU-00284,P05,Male,0,Undergraduate,12,25-34
STU-00285,P06,Female,0,Postgraduate,6,21-24
STU-00286,P06,Female,0,Postgraduate,36,25-34
STU-00287,P06,Prefer not to say,1,Postgraduate,31,18-20
STU-00288,P01,Male,0,Undergraduate,1,21-24
STU-00289,P02,Male,0,Undergraduate,5,21-24
STU-00290,P05,Female,1,Postgraduate,46,21-24
STU-00291,P01,Male,0,Undergraduate,35,21-24
STU-00292,P04,Female,1,Undergraduate,15,21-24
STU-00293,P05,Male,0,Postgraduate,29,18-20
STU-00294,P03,Female,1,Undergraduate,31,18-20
STU-00295,P04,Female,0,Undergraduate,39,21-24
STU-00296,P01,Female,1,Undergraduate,25,18-20
STU-00297,P03,Male,0,Undergraduate,34,18-20
STU-00298,P04,Male,1,Undergraduate,44,21-24
STU-00299,P06,Male,0,Undergraduate,16,25-34
STU-00300,P01,Female,1,Postgraduate,48,35+
STU-00301,P02,Female,0,Postgraduate,41,21-24
STU-00302,P02,Prefer not to say,1,Undergraduate,6,21-24
STU-00303,P05,Prefer not to say,1,Postgraduate,38,21-24
STU-00304,P03,Non-binary,0,Postgraduate,20,25-34
STU-00305,P02,Female,1,Undergraduate,45,35+
STU-00306,P02,Male,1,Undergraduate,3,21-24
STU-00307,P01,Male,0,Undergraduate,34,25-34
STU-00308,P01,Male,1,Undergraduate,23,21-24
STU-00309,P03,Female,0,Undergraduate,30,18-20
STU-00310,P01,Female,0,Undergraduate,21,21-24
STU-00311,P04,Female,0,Postgraduate,38,18-20
STU-00312,P06,Female,0,Undergraduate,16,21-24
STU-00313,P04,Male,0,Postgraduate,36,18-20
STU-00314,P01,Male,0,Undergraduate,10,25-34
STU-00315,P01,Female,0,Undergraduate,45,25-34
STU-00316,P04,Female,1,Undergraduate,46,35+
STU-00317,P04,Prefer not to say,0,Undergraduate,9,21-24
STU-00318,P06,Female,0,Postgraduate,9,18-20
STU-00319,P02,Female,0,Undergraduate,26,21-24
STU-00320,P01,Female,0,Undergraduate,30,25-34
STU-00321,P01,Female,0,Postgraduate,35,18-20
STU-00322,P05,Female,1,Undergraduate,18,18-20
STU-00323,P01,Female,0,Undergraduate,43,21-24
STU-00324,P05,Female,0,Postgraduate,16,21-24
STU-00325,P01,Female,0,Undergraduate,36,21-24
STU-00326,P01,Non-binary,0,Undergraduate,41,18-20
STU-00327,P06,Male,1,Undergraduate,4,21-24
STU-00328,P01,Non-binary,0,Undergraduate,33,21-24
STU-00329,P01,Female,1,Undergraduate,26,18-20
STU-00330,P06,Male,0,Undergraduate,30,21-24
STU-00331,P05,Female,1,Undergraduate,48,18-20
STU-00332,P03,Male,0,Postgraduate,13,25-34
STU-00333,P02,Male,0,Postgraduate,21,35+
STU-00334,P03,Male,0,Undergraduate,14,21-24
STU-00335,P03,Male,1,Postgraduate,16,25-34
STU-00336,P02,Female,0,Undergraduate,17,18-20
STU-00337,P01,Male,1,Postgraduate,23,18-20
STU-00338,P05,Male,0,Undergraduate,35,21-24
STU-00339,P05,Female,1,Postgraduate,44,18-20
STU-00340,P02,Male,0,Undergraduate,24,18-20
STU-00341,P05,Male,0,Undergraduate,39,25-34
STU-00342,P04,Male,0,Undergraduate,29,35+
STU-00343,P05,Male,0,Undergraduate,19,25-34
STU-00344,P03,Male,1,Undergraduate,12,18-20
STU-00345,P03,Female,0,Undergraduate,40,18-20
STU-00346,P02,Male,0,Postgraduate,47,18-20
STU-00347,P01,Female,0,Undergraduate,22,18-20
STU-00348,P03,Female,1,Undergraduate,44,21-24
STU-00349,P02,Non-binary,0,Undergraduate,20,18-20
STU-00350,P03,Female,1,Undergraduate,2,18-20
STU-00351,P01,Male,0,Undergraduate,6,21-24
STU-00352,P03,Male,0,Postgraduate,31,21-24
STU-00353,P01,Female,1,Undergraduate,44,18-20
STU-00354,P01,Female,1,Undergraduate,6,18-20
STU-00355,P01,Female,0,Undergraduate,17,21-24
STU-00356,P01,Male,0,Postgraduate,48,18-20
STU-00357,P03,Female,0,Undergraduate,38,21-24
STU-00358,P03,Female,0,Undergraduate,16,21-24
STU-00359,P04,Female,1,Postgraduate,21,25-34
STU-00360,P04,Male,0,Undergraduate,32,25-34
STU-00361,P02,Male,0,Postgraduate,16,18-20
STU-00362,P02,Prefer not to say,0,Undergraduate,8,18-20
STU-00363,P03,Female,0,Undergraduate,26,25-34
STU-00364,P03,Female,0,Postgraduate,23,18-20
STU-00365,P01,Male,1,Postgraduate,22,18-20
STU-00366,P05,Female,0,Undergraduate,39,25-34
STU-00367,P01,Female,0,Undergraduate,48,21-24
STU-00368,P03,Female,0,Postgraduate,28,18-20
STU-00369,P04,Female,0,Undergraduate,17,18-20
STU-00370,P02,Female,0,Postgraduate,15,18-20
STU-00371,P01,Male,0,Undergraduate,37,18-20
STU-00372,P04,Female,1,Undergraduate,44,18-20
STU-00373,P06,Female,1,Undergraduate,21,21-24
STU-00374,P04,Female,0,Postgraduate,19,18-20
STU-00375,P03,Male,0,Undergraduate,25,35+
STU-00376,P05,Female,0,Undergraduate,15,18-20
STU-00377,P05,Female,1,Postgraduate,6,21-24
STU-00378,P03,Female,1,Undergraduate,11,21-24
STU-00379,P04,Male,0,Undergraduate,32,21-24
STU-00380,P03,Female,0,Undergraduate,27,21-24
STU-00381,P03,Female,0,Undergraduate,20,18-20
STU-00382,P02,Female,1,Undergraduate,44,21-24
STU-00383,P04,Female,0,Undergraduate,19,18-20
STU-00384,P05,Male,0,Undergraduate,19,25-34
STU-00385,P06,Male,1,Undergraduate,34,21-24
STU-00386,P04,Female,1,Undergraduate,16,21-24
STU-00387,P02,Male,0,Postgraduate,48,21-24
STU-00388,P01,Female,1,Undergraduate,16,21-24
STU-00389,P01,Male,0,Undergraduate,12,25-34
STU-00390,P01,Male,0,Postgraduate,16,25-34
STU-00391,P05,Male,1,Undergraduate,47,21-24
STU-00392,P04,Female,0,Postgraduate,11,21-24
STU-00393,P01,Male,1,Undergraduate,32,21-24
STU-00394,P02,Male,0,Undergraduate,4,25-34
STU-00395,P05,Male,0,Undergraduate,23,25-34
STU-00396,P05,Male,0,Postgraduate,21,21-24
STU-00397,P05,Female,0,Undergraduate,10,21-24
STU-00398,P02,Male,0,Undergraduate,39,21-24
STU-00399,P02,Female,0,Undergraduate,26,35+
STU-00400,P02,Female,1,Undergraduate,13,21-24
STU-00401,P01,Male,0,Undergraduate,1,35+
STU-00402,P04,Female,0,Undergraduate,26,25-34
STU-00403,P03,Female,0,Undergraduate,44,25-34
STU-00404,P04,Male,1,Undergraduate,42,21-24
STU-00405,P05,Female,0,Postgraduate,9,21-24
STU-00406,P04,Male,1,Postgraduate,26,21-24
STU-00407,P06,Male,0,Undergraduate,32,21-24
STU-00408,P04,Female,0,Undergraduate,45,21-24
STU-00409,P03,Female,0,Postgraduate,5,25-34
STU-00410,P01,Female,1,Undergraduate,3,21-24
STU-00411,P04,Prefer not to say,0,Undergraduate,19,25-34
STU-00412,P04,Prefer not to say,0,Postgraduate,4,18-20
STU-00413,P04,Female,1,Undergraduate,1,21-24
STU-00414,P03,Male,1,Undergraduate,14,18-20
STU-00415,P03,Female,0,Undergraduate,16,25-34
STU-00416,P01,Male,0,Postgraduate,15,18-20
STU-00417,P05,Male,0,Postgraduate,10,18-20
STU-00418,P02,Male,0,Undergraduate,36,21-24
STU-00419,P04,Female,1,Postgraduate,33,18-20
STU-00420,P05,Female,1,Undergraduate,12,18-20
STU-00421,P05,Male,0,Postgraduate,18,21-24
STU-00422,P04,Male,0,Undergraduate,27,18-20
STU-00423,P01,Female,0,Postgraduate,27,25-34
STU-00424,P06,Female,0,Undergraduate,17,25-34
STU-00425,P03,Female,0,Undergraduate,35,18-20
STU-00426,P04,Female,0,Undergraduate,43,21-24
STU-00427,P01,Female,0,Postgraduate,47,21-24
STU-00428,P03,Prefer not to say,1,Undergraduate,31,18-20
STU-00429,P02,Male,0,Undergraduate,31,18-20
STU-00430,P03,Female,0,Undergraduate,12,21-24
STU-00431,P04,Female,0,Postgraduate,28,21-24
STU-00432,P02,Male,1,Undergraduate,26,18-20
STU-00433,P02,Prefer not to say,0,Undergraduate,10,25-34
STU-00434,P01,Female,1,Undergraduate,6,21-24
STU-00435,P04,Male,1,Undergraduate,7,21-24
STU-00436,P04,Female,0,Postgraduate,35,18-20
STU-00437,P06,Male,1,Undergraduate,17,21-24
STU-00438,P02,Male,1,Postgraduate,14,21-24
STU-00439,P01,Female,0,Undergraduate,10,21-24
STU-00440,P04,Female,0,Undergraduate,40,25-34
STU-00441,P01,Female,0,Postgraduate,16,25-34
STU-00442,P06,Male,0,Postgraduate,20,21-24
STU-00443,P02,Female,0,Postgraduate,37,21-24
STU-00444,P02,Male,0,Undergraduate,20,18-20
STU-00445,P05,Male,0,Undergraduate,13,35+
STU-00446,P04,Male,0,Undergraduate,8,21-24
STU-00447,P02,Prefer not to say,1,Undergraduate,4,21-24
STU-00448,P02,Female,0,Undergraduate,39,21-24
STU-00449,P06,Male,0,Undergraduate,13,21-24
STU-00450,P05,Male,0,Undergraduate,22,18-20
STU-00451,P06,Male,0,Undergraduate,24,18-20
STU-00452,P03,Female,0,Undergraduate,3,21-24
STU-00453,P03,Male,0,Undergraduate,1,21-24
STU-00454,P01,Non-binary,1,Undergraduate,6,21-24
STU-00455,P03,Female,0,Undergraduate,24,18-20
STU-00456,P05,Prefer not to say,1,Undergraduate,47,25-34
STU-00457,P04,Female,0,Undergraduate,47,18-20
STU-00458,P02,Male,0,Undergraduate,47,35+
STU-00459,P04,Female,0,Undergraduate,2,25-34
STU-00460,P06,Male,0,Undergraduate,24,18-20
STU-00461,P02,Male,1,Postgraduate,34,18-20
STU-00462,P03,Female,1,Undergraduate,10,18-20
STU-00463,P03,Male,0,Postgraduate,9,21-24
STU-00464,P01,Male,0,Undergraduate,18,18-20
STU-00465,P06,Male,0,Postgraduate,25,21-24
STU-00466,P06,Male,0,Undergraduate,13,21-24
STU-00467,P04,Male,0,Undergraduate,21,18-20
STU-00468,P02,Male,1,Postgraduate,12,18-20
STU-00469,P01,Female,0,Undergraduate,35,18-20
STU-00470,P02,Female,0,Undergraduate,4,21-24
STU-00471,P02,Non-binary,0,Postgraduate,24,18-20
STU-00472,P06,Non-binary,0,Postgraduate,15,18-20
STU-00473,P06,Male,1,Undergraduate,2,35+
STU-00474,P01,Female,1,Undergraduate,18,21-24
STU-00475,P04,Female,1,Undergraduate,34,21-24
STU-00476,P03,Female,0,Postgraduate,17,18-20
STU-00477,P04,Female,0,Postgraduate,26,21-24
STU-00478,P03,Male,1,Postgraduate,17,35+
STU-00479,P02,Male,0,Undergraduate,4,18-20
STU-00480,P02,Female,0,Undergraduate,37,21-24
STU-00481,P05,Male,0,Undergraduate,18,25-34
STU-00482,P02,Male,0,Undergraduate,6,18-20
STU-00483,P01,Male,0,Undergraduate,43,25-34
STU-00484,P04,Male,0,Undergraduate,27,18-20
STU-00485,P02,Male,0,Postgraduate,25,21-24
STU-00486,P01,Male,0,Undergraduate,46,18-20
STU-00487,P05,Male,0,Postgraduate,46,21-24
STU-00488,P05,Male,0,Undergraduate,31,25-34
STU-00489,P04,Male,0,Undergraduate,2,21-24
STU-00490,P06,Female,1,Undergraduate,28,21-24
STU-00491,P06,Female,0,Postgraduate,6,25-34
STU-00492,P05,Female,0,Postgraduate,5,25-34
STU-00493,P04,Non-binary,0,Postgraduate,44,21-24
STU-00494,P03,Female,0,Undergraduate,16,21-24
STU-00495,P01,Male,1,Postgraduate,20,21-24
STU-00496,P04,Male,1,Postgraduate,27,18-20
STU-00497,P03,Male,1,Undergraduate,42,18-20
STU-00498,P04,Male,0,Undergraduate,14,21-24
STU-00499,P05,Male,0,Undergraduate,10,21-24
STU-00500,P01,Male,0,Undergraduate,4,18-20
STU-00501,P05,Male,1,Postgraduate,19,35+
STU-00502,P03,Male,1,Undergraduate,25,18-20
STU-00503,P03,Female,0,Postgraduate,39,21-24
STU-00504,P05,Female,0,Undergraduate,25,18-20
STU-00505,P02,Female,0,Undergraduate,32,25-34
STU-00506,P03,Female,1,Undergraduate,37,21-24
STU-00507,P04,Female,1,Undergraduate,28,18-20
STU-00508,P06,Non-binary,1,Undergraduate,37,18-20
STU-00509,P03,Female,0,Undergraduate,35,18-20
STU-00510,P02,Male,0,Postgraduate,25,35+
STU-00511,P02,Female,1,Undergraduate,5,35+
STU-00512,P01,Female,0,Undergraduate,19,18-20
STU-00513,P04,Male,1,Undergraduate,11,21-24
STU-00514,P04,Female,0,Postgraduate,9,18-20
STU-00515,P05,Male,1,Undergraduate,24,18-20
STU-00516,P01,Female,0,Undergraduate,46,18-20
STU-00517,P04,Male,0,Undergraduate,20,18-20
STU-00518,P06,Female,0,Undergraduate,3,21-24
STU-00519,P05,Female,0,Undergraduate,20,21-24
STU-00520,P04,Male,0,Undergraduate,26,21-24
STU-00521,P03,Prefer not to say,0,Postgraduate,22,18-20
STU-00522,P03,Female,1,Postgraduate,47,21-24
STU-00523,P03,Male,1,Undergraduate,41,21-24
STU-00524,P03,Male,0,Undergraduate,27,25-34
STU-00525,P05,Female,0,Undergraduate,31,18-20
STU-00526,P02,Male,0,Undergraduate,35,18-20
STU-00527,P06,Male,1,Undergraduate,13,21-24
STU-00528,P05,Male,0,Undergraduate,10,18-20
STU-00529,P03,Female,0,Undergraduate,5,21-24
STU-00530,P02,Male,0,Postgraduate,42,18-20
STU-00531,P06,Male,1,Undergraduate,23,18-20
STU-00532,P01,Prefer not to say,0,Undergraduate,25,25-34
STU-00533,P02,Female,0,Undergraduate,32,21-24
STU-00534,P02,Male,0,Undergraduate,27,21-24
STU-00535,P03,Male,0,Undergraduate,6,18-20
STU-00536,P02,Prefer not to say,0,Undergraduate,42,21-24
STU-00537,P06,Male,0,Undergraduate,9,25-34
STU-00538,P01,Male,0,Undergraduate,44,25-34
STU-00539,P01,Female,1,Undergraduate,37,21-24
STU-00540,P01,Prefer not to say,1,Postgraduate,20,35+
STU-00541,P02,Female,0,Undergraduate,36,21-24
STU-00542,P04,Prefer not to say,1,Undergraduate,42,21-24
STU-00543,P06,Female,0,Undergraduate,10,25-34
STU-00544,P04,Female,0,Postgraduate,3,18-20
STU-00545,P05,Non-binary,1,Undergraduate,42,21-24
STU-00546,P03,Male,0,Postgraduate,27,25-34
STU-00547,P04,Female,1,Postgraduate,13,35+
STU-00548,P01,Male,0,Undergraduate,34,21-24
STU-00549,P02,Male,1,Undergraduate,11,18-20
STU-00550,P02,Prefer not to say,0,Undergraduate,26,18-20
STU-00551,P03,Non-binary,0,Undergraduate,18,25-34
STU-00552,P02,Non-binary,0,Undergraduate,22,21-24
STU-00553,P06,Male,0,Undergraduate,6,18-20
STU-00554,P01,Female,0,Undergraduate,22,21-24
STU-00555,P01,Male,0,Undergraduate,47,18-20
STU-00556,P02,Male,0,Undergraduate,44,18-20
STU-00557,P03,Female,0,Postgraduate,32,18-20
STU-00558,P01,Female,0,Undergraduate,46,21-24
STU-00559,P01,Male,1,Undergraduate,14,21-24
STU-00560,P01,Female,0,Postgraduate,25,21-24
STU-00561,P02,Male,0,Undergraduate,40,21-24
STU-00562,P06,Female,1,Undergraduate,13,21-24
STU-00563,P03,Female,1,Undergraduate,48,18-20
STU-00564,P02,Male,1,Undergraduate,21,18-20
STU-00565,P06,Female,0,Undergraduate,30,21-24
STU-00566,P04,Male,0,Undergraduate,4,18-20
STU-00567,P06,Female,1,Postgraduate,35,21-24
STU-00568,P06,Female,0,Undergraduate,39,25-34
STU-00569,P03,Male,0,Postgraduate,41,18-20
STU-00570,P06,Female,0,Postgraduate,44,18-20
STU-00571,P06,Female,0,Undergraduate,23,25-34
STU-00572,P04,Female,0,Undergraduate,23,25-34
STU-00573,P03,Female,1,Undergraduate,19,21-24
STU-00574,P04,Male,0,Postgraduate,7,18-20
STU-00575,P04,Male,1,Undergraduate,38,18-20
STU-00576,P05,Female,0,Undergraduate,7,18-20
STU-00577,P02,Male,0,Postgraduate,14,21-24
STU-00578,P04,Male,1,Undergraduate,46,21-24
STU-00579,P04,Male,1,Undergraduate,10,25-34
STU-00580,P06,Female,0,Undergraduate,35,21-24
STU-00581,P01,Female,1,Undergraduate,15,25-34
STU-00582,P01,Female,0,Undergraduate,32,18-20
STU-00583,P05,Female,1,Undergraduate,11,25-34
STU-00584,P01,Female,0,Undergraduate,38,21-24
STU-00585,P02,Female,0,Undergraduate,20,21-24
STU-00586,P01,Female,1,Undergraduate,31,35+
STU-00587,P03,Female,0,Postgraduate,41,21-24
STU-00588,P03,Female,1,Undergraduate,27,18-20
STU-00589,P06,Female,0,Postgraduate,45,18-20
STU-00590,P01,Male,0,Undergraduate,41,21-24
STU-00591,P03,Female,1,Undergraduate,37,18-20
STU-00592,P03,Female,0,Undergraduate,14,18-20
STU-00593,P02,Female,1,Undergraduate,6,21-24
STU-00594,P06,Female,0,Postgraduate,45,21-24
STU-00595,P04,Male,0,Undergraduate,17,21-24
STU-00596,P03,Male,0,Undergraduate,36,35+
STU-00597,P04,Female,1,Undergraduate,4,25-34
STU-00598,P05,Female,1,Undergraduate,27,21-24
STU-00599,P01,Female,1,Undergraduate,9,21-24
STU-00600,P04,Female,1,Undergraduate,19,21-24
STU-00601,P02,Male,0,Undergraduate,24,18-20
STU-00602,P04,Male,1,Postgraduate,14,25-34
STU-00603,P02,Male,0,Undergraduate,46,25-34
STU-00604,P03,Female,0,Undergraduate,4,25-34
STU-00605,P01,Male,0,Undergraduate,11,21-24
STU-00606,P03,Female,1,Undergraduate,25,18-20
STU-00607,P02,Male,1,Postgraduate,22,25-34
STU-00608,P02,Female,0,Postgraduate,47,25-34
STU-00609,P04,Male,0,Undergraduate,45,18-20
STU-00610,P04,Female,0,Undergraduate,36,25-34
STU-00611,P03,Female,0,Undergraduate,9,25-34
STU-00612,P01,Male,0,Undergraduate,44,18-20
STU-00613,P04,Female,1,Postgraduate,37,18-20
STU-00614,P03,Male,0,Postgraduate,45,18-20
STU-00615,P02,Male,0,Postgraduate,45,21-24
STU-00616,P02,Male,0,Postgraduate,32,21-24
STU-00617,P05,Male,0,Undergraduate,32,35+
STU-00618,P06,Female,0,Undergraduate,29,21-24
STU-00619,P06,Female,0,Postgraduate,4,21-24
STU-00620,P01,Female,0,Undergraduate,41,25-34
STU-00621,P05,Female,0,Undergraduate,11,21-24
STU-00622,P02,Male,0,Postgraduate,2,21-24
STU-00623,P03,Male,0,Undergraduate,30,25-34
STU-00624,P04,Male,0,Undergraduate,4,18-20
STU-00625,P05,Male,1,Undergraduate,22,18-20
STU-00626,P04,Female,0,Postgraduate,9,35+
STU-00627,P05,Female,0,Undergraduate,19,18-20
STU-00628,P05,Female,0,Undergraduate,4,21-24
STU-00629,P06,Male,0,Undergraduate,47,18-20
STU-00630,P03,Male,0,Postgraduate,19,21-24
STU-00631,P04,Female,0,Postgraduate,8,35+
STU-00632,P01,Female,0,Postgraduate,40,25-34
STU-00633,P01,Female,1,Undergraduate,7,25-34
STU-00634,P04,Female,1,Undergraduate,21,21-24
STU-00635,P03,Non-binary,0,Undergraduate,41,35+
STU-00636,P01,Prefer not to say,0,Undergraduate,48,21-24
STU-00637,P03,Male,1,Undergraduate,41,21-24
STU-00638,P04,Female,0,Undergraduate,1,21-24
STU-00639,P06,Prefer not to say,0,Postgraduate,18,21-24
STU-00640,P06,Male,0,Undergraduate,46,18-20
STU-00641,P03,Female,0,Undergraduate,6,35+
STU-00642,P06,Male,0,Undergraduate,21,25-34
STU-00643,P04,Female,0,Undergraduate,19,25-34
STU-00644,P06,Female,1,Undergraduate,26,21-24
STU-00645,P04,Male,1,Undergraduate,48,18-20
STU-00646,P04,Female,0,Postgraduate,19,21-24
STU-00647,P04,Male,0,Undergraduate,23,25-34
STU-00648,P01,Male,0,Undergraduate,14,18-20
STU-00649,P05,Female,0,Undergraduate,20,25-34
STU-00650,P03,Female,0,Postgraduate,1,21-24
STU-00651,P02,Male,0,Postgraduate,17,18-20
STU-00652,P04,Male,1,Undergraduate,18,25-34
STU-00653,P03,Male,0,Postgraduate,24,21-24
STU-00654,P05,Female,0,Undergraduate,40,21-24
STU-00655,P03,Female,0,Postgraduate,23,25-34
STU-00656,P02,Female,0,Undergraduate,33,18-20
STU-00657,P03,Male,0,Postgraduate,3,18-20
STU-00658,P02,Prefer not to say,1,Undergraduate,6,25-34
STU-00659,P03,Male,0,Undergraduate,45,18-20
STU-00660,P05,Female,0,Undergraduate,18,21-24
STU-00661,P02,Male,0,Undergraduate,19,25-34
STU-00662,P05,Female,1,Postgraduate,28,18-20
STU-00663,P02,Female,0,Undergraduate,19,25-34
STU-00664,P05,Prefer not to say,0,Undergraduate,11,25-34
STU-00665,P06,Female,0,Undergraduate,34,21-24
STU-00666,P02,Prefer not to say,0,Undergraduate,1,25-34
STU-00667,P02,Female,0,Undergraduate,44,25-34
STU-00668,P04,Male,1,Postgraduate,25,18-20
STU-00669,P03,Female,0,Undergraduate,28,21-24
STU-00670,P01,Female,0,Undergraduate,31,21-24
STU-00671,P04,Female,1,Undergraduate,35,25-34
STU-00672,P06,Female,0,Undergraduate,32,25-34
STU-00673,P01,Male,0,Postgraduate,15,21-24
STU-00674,P05,Male,1,Undergraduate,34,21-24
STU-00675,P02,Male,1,Postgraduate,47,18-20
STU-00676,P01,Male,0,Undergraduate,6,21-24
STU-00677,P06,Female,1,Undergraduate,18,25-34
STU-00678,P01,Female,0,Undergraduate,33,21-24
STU-00679,P05,Male,0,Undergraduate,32,18-20
STU-00680,P04,Female,0,Postgraduate,19,18-20
STU-00681,P03,Male,0,Postgraduate,9,18-20
STU-00682,P03,Male,0,Undergraduate,11,21-24
STU-00683,P01,Female,0,Undergraduate,34,18-20
STU-00684,P01,Male,1,Undergraduate,45,18-20
STU-00685,P05,Male,0,Undergraduate,23,18-20
STU-00686,P06,Female,0,Undergraduate,3,18-20
STU-00687,P01,Male,1,Undergraduate,44,25-34
STU-00688,P02,Female,0,Undergraduate,18,18-20
STU-00689,P05,Female,0,Undergraduate,21,18-20
STU-00690,P04,Male,0,Undergraduate,19,18-20
STU-00691,P06,Female,1,Undergraduate,10,18-20
STU-00692,P01,Male,0,Postgraduate,6,21-24
STU-00693,P05,Female,0,Undergraduate,28,18-20
STU-00694,P01,Male,0,Undergraduate,44,18-20
STU-00695,P04,Prefer not to say,0,Postgraduate,46,18-20
STU-00696,P06,Female,1,Postgraduate,15,25-34
STU-00697,P05,Female,1,Undergraduate,15,25-34
STU-00698,P01,Male,1,Undergraduate,47,21-24
STU-00699,P01,Male,0,Postgraduate,36,35+
STU-00700,P06,Male,1,Undergraduate,15,25-34
STU-00701,P05,Female,1,Undergraduate,1,21-24
STU-00702,P03,Male,1,Undergraduate,16,18-20
STU-00703,P06,Female,0,Undergraduate,33,18-20
STU-00704,P03,Female,1,Postgraduate,14,21-24
STU-00705,P04,Male,0,Postgraduate,17,21-24
STU-00706,P04,Male,0,Postgraduate,11,21-24
STU-00707,P03,Female,0,Undergraduate,15,18-20
STU-00708,P02,Prefer not to say,1,Postgraduate,8,25-34
STU-00709,P04,Male,1,Undergraduate,48,25-34
STU-00710,P05,Prefer not to say,0,Undergraduate,7,18-20
STU-00711,P03,Male,0,Postgraduate,21,25-34
STU-00712,P03,Female,0,Postgraduate,45,21-24
STU-00713,P04,Non-binary,0,Postgraduate,34,21-24
STU-00714,P02,Female,0,Undergraduate,20,18-20
STU-00715,P04,Female,0,Undergraduate,14,25-34
STU-00716,P06,Female,0,Undergraduate,41,35+
STU-00717,P04,Non-binary,0,Undergraduate,11,25-34
STU-00718,P03,Female,1,Postgraduate,14,21-24
STU-00719,P06,Male,1,Undergraduate,26,25-34
STU-00720,P03,Prefer not to say,1,Undergraduate,38,18-20
STU-00721,P04,Male,1,Undergraduate,28,21-24
STU-00722,P01,Male,0,Undergraduate,36,21-24
STU-00723,P01,Female,0,Undergraduate,13,21-24
STU-00724,P06,Female,0,Undergraduate,35,18-20
STU-00725,P01,Male,0,Undergraduate,6,21-24
STU-00726,P02,Male,0,Undergraduate,29,18-20
STU-00727,P04,Male,0,Undergraduate,12,18-20
STU-00728,P02,Female,0,Undergraduate,21,18-20
STU-00729,P01,Female,1,Undergraduate,8,35+
STU-00730,P01,Female,1,Undergraduate,8,21-24
STU-00731,P05,Female,0,Postgraduate,40,25-34
STU-00732,P02,Prefer not to say,0,Postgraduate,27,21-24
STU-00733,P06,Male,0,Postgraduate,24,21-24
STU-00734,P05,Female,0,Undergraduate,24,21-24
STU-00735,P01,Female,1,Postgraduate,18,21-24
STU-00736,P02,Non-binary,1,Postgraduate,22,21-24
STU-00737,P06,Male,0,Postgraduate,20,21-24
STU-00738,P04,Male,1,Undergraduate,19,18-20
STU-00739,P01,Female,0,Undergraduate,43,21-24
STU-00740,P05,Male,1,Undergraduate,25,18-20
STU-00741,P02,Male,0,Undergraduate,28,18-20
STU-00742,P01,Male,0,Undergraduate,25,18-20
STU-00743,P02,Male,0,Undergraduate,27,21-24
STU-00744,P04,Female,1,Undergraduate,19,21-24
STU-00745,P05,Female,1,Undergraduate,8,35+
STU-00746,P01,Male,0,Undergraduate,45,18-20
STU-00747,P05,Male,0,Undergraduate,34,25-34
STU-00748,P05,Male,0,Undergraduate,17,18-20
STU-00749,P05,Female,1,Undergraduate,43,21-24
STU-00750,P05,Female,0,Undergraduate,46,21-24
STU-00751,P03,Male,0,Postgraduate,15,18-20
STU-00752,P04,Female,0,Undergraduate,17,21-24
STU-00753,P02,Female,0,Undergraduate,44,21-24
STU-00754,P05,Male,0,Undergraduate,21,25-34
STU-00755,P01,Male,0,Undergraduate,5,18-20
STU-00756,P04,Female,0,Undergraduate,42,25-34
STU-00757,P05,Female,0,Undergraduate,35,18-20
STU-00758,P03,Male,0,Undergraduate,26,18-20
STU-00759,P02,Male,0,Undergraduate,25,21-24
STU-00760,P02,Female,0,Postgraduate,4,18-20
STU-00761,P06,Male,0,Undergraduate,46,35+
STU-00762,P03,Male,0,Undergraduate,22,18-20
STU-00763,P05,Female,1,Undergraduate,20,21-24
STU-00764,P06,Female,1,Undergraduate,19,21-24
STU-00765,P03,Female,1,Undergraduate,34,25-34
STU-00766,P05,Female,0,Undergraduate,6,18-20
STU-00767,P02,Male,0,Undergraduate,45,21-24
STU-00768,P01,Female,0,Undergraduate,21,35+
STU-00769,P02,Female,0,Undergraduate,3,25-34
STU-00770,P03,Male,0,Undergraduate,8,21-24
STU-00771,P06,Male,1,Undergraduate,38,18-20
STU-00772,P05,Female,1,Undergraduate,6,25-34
STU-00773,P02,Male,0,Postgraduate,4,25-34
STU-00774,P06,Male,0,Postgraduate,41,21-24
STU-00775,P02,Female,0,Undergraduate,1,25-34
STU-00776,P05,Non-binary,0,Undergraduate,21,18-20
STU-00777,P06,Female,0,Postgraduate,35,25-34
STU-00778,P04,Female,1,Postgraduate,17,18-20
STU-00779,P05,Female,0,Undergraduate,3,21-24
STU-00780,P02,Male,1,Undergraduate,22,18-20
STU-00781,P01,Male,0,Undergraduate,40,25-34
STU-00782,P02,Male,0,Postgraduate,21,21-24
STU-00783,P03,Female,0,Undergraduate,23,18-20
STU-00784,P06,Female,1,Undergraduate,8,21-24
STU-00785,P02,Female,0,Undergraduate,17,18-20
STU-00786,P01,Male,1,Postgraduate,41,21-24
STU-00787,P02,Non-binary,1,Undergraduate,22,21-24
STU-00788,P05,Female,0,Undergraduate,7,18-20
STU-00789,P04,Male,1,Undergraduate,36,18-20
STU-00790,P01,Female,0,Postgraduate,39,25-34
STU-00791,P02,Male,1,Undergraduate,32,21-24
STU-00792,P06,Female,0,Undergraduate,3,21-24
STU-00793,P05,Male,1,Postgraduate,46,18-20
STU-00794,P04,Male,1,Undergraduate,12,21-24
STU-00795,P04,Male,0,Postgraduate,17,25-34
STU-00796,P02,Male,0,Postgraduate,15,18-20
STU-00797,P05,Female,0,Undergraduate,12,21-24
STU-00798,P03,Male,0,Undergraduate,15,21-24
STU-00799,P01,Female,0,Undergraduate,29,25-34
STU-00800,P04,Female,0,Postgraduate,48,18-20
STU-00801,P04,Male,0,Postgraduate,8,21-24
STU-00802,P01,Female,1,Undergraduate,6,21-24
STU-00803,P03,Male,0,Undergraduate,10,25-34
STU-00804,P01,Male,0,Undergraduate,48,25-34
STU-00805,P04,Female,0,Postgraduate,45,18-20
STU-00806,P04,Female,0,Undergraduate,30,18-20
STU-00807,P05,Male,0,Undergraduate,9,18-20
STU-00808,P02,Non-binary,1,Undergraduate,23,18-20
STU-00809,P03,Female,0,Postgraduate,42,21-24
STU-00810,P04,Female,1,Postgraduate,41,21-24
STU-00811,P01,Male,1,Undergraduate,16,21-24
STU-00812,P04,Male,1,Undergraduate,17,25-34
STU-00813,P06,Male,1,Undergraduate,9,18-20
STU-00814,P01,Female,1,Undergraduate,48,35+
STU-00815,P02,Non-binary,0,Undergraduate,27,25-34
STU-00816,P02,Female,0,Undergraduate,36,21-24
STU-00817,P02,Male,0,Undergraduate,41,21-24
STU-00818,P03,Female,0,Undergraduate,10,21-24
STU-00819,P02,Male,0,Undergraduate,42,25-34
STU-00820,P02,Male,0,Undergraduate,47,18-20
STU-00821,P04,Male,1,Undergraduate,16,25-34
STU-00822,P03,Female,0,Undergraduate,45,21-24
STU-00823,P05,Non-binary,0,Undergraduate,6,21-24
STU-00824,P06,Male,0,Postgraduate,37,21-24
STU-00825,P05,Female,1,Undergraduate,6,18-20
STU-00826,P05,Male,0,Undergraduate,11,25-34
STU-00827,P05,Female,0,Undergraduate,7,21-24
STU-00828,P06,Non-binary,0,Postgraduate,46,18-20
STU-00829,P02,Male,0,Undergraduate,44,21-24
STU-00830,P03,Prefer not to say,0,Undergraduate,30,18-20
STU-00831,P06,Female,1,Undergraduate,27,18-20
STU-00832,P04,Female,0,Undergraduate,43,18-20
STU-00833,P04,Male,0,Undergraduate,9,18-20
STU-00834,P05,Male,1,Undergraduate,39,18-20
STU-00835,P05,Female,0,Undergraduate,4,35+
STU-00836,P01,Non-binary,0,Undergraduate,35,25-34
STU-00837,P02,Female,0,Undergraduate,27,21-24
STU-00838,P04,Female,1,Undergraduate,13,21-24
STU-00839,P05,Male,0,Undergraduate,41,25-34
STU-00840,P05,Male,0,Undergraduate,42,18-20
STU-00841,P04,Non-binary,1,Postgraduate,19,25-34
STU-00842,P02,Female,0,Undergraduate,40,21-24
STU-00843,P04,Female,1,Undergraduate,2,18-20
STU-00844,P01,Female,0,Undergraduate,10,21-24
STU-00845,P04,Female,1,Undergraduate,32,18-20
STU-00846,P04,Female,0,Undergraduate,21,21-24
STU-00847,P03,Female,0,Postgraduate,14,18-20
STU-00848,P03,Female,0,Undergraduate,20,21-24
STU-00849,P03,Female,0,Undergraduate,4,18-20
STU-00850,P04,Prefer not to say,1,Postgraduate,38,21-24
STU-00851,P02,Male,1,Postgraduate,35,25-34
STU-00852,P01,Female,1,Undergraduate,4,25-34
STU-00853,P03,Female,1,Undergraduate,6,21-24
STU-00854,P04,Male,1,Postgraduate,40,21-24
STU-00855,P04,Male,0,Undergraduate,43,18-20
STU-00856,P06,Male,0,Undergraduate,35,21-24
STU-00857,P02,Female,0,Undergraduate,28,21-24
STU-00858,P03,Male,0,Undergraduate,31,21-24
STU-00859,P05,Female,0,Postgraduate,13,21-24
STU-00860,P04,Male,1,Undergraduate,7,18-20
STU-00861,P01,Male,0,Undergraduate,48,21-24
STU-00862,P04,Female,0,Undergraduate,6,18-20
STU-00863,P06,Female,0,Undergraduate,22,25-34
STU-00864,P02,Female,0,Undergraduate,48,18-20
STU-00865,P04,Male,0,Undergraduate,10,21-24
STU-00866,P06,Non-binary,0,Postgraduate,2,18-20
STU-00867,P06,Female,0,Postgraduate,12,35+
STU-00868,P05,Female,0,Undergraduate,38,21-24
STU-00869,P02,Male,1,Postgraduate,28,18-20
STU-00870,P02,Female,0,Undergraduate,33,21-24
STU-00871,P02,Female,0,Undergraduate,32,21-24
STU-00872,P01,Male,0,Undergraduate,38,18-20
STU-00873,P06,Female,0,Undergraduate,5,18-20
STU-00874,P04,Male,0,Undergraduate,15,25-34
STU-00875,P05,Female,0,Undergraduate,36,18-20
STU-00876,P01,Male,0,Postgraduate,43,25-34
STU-00877,P05,Male,0,Undergraduate,21,21-24
STU-00878,P01,Female,1,Undergraduate,29,18-20
STU-00879,P04,Male,0,Undergraduate,45,18-20
STU-00880,P02,Male,1,Postgraduate,24,18-20
STU-00881,P06,Male,0,Undergraduate,46,25-34
STU-00882,P02,Male,0,Undergraduate,1,35+
STU-00883,P02,Male,1,Undergraduate,20,18-20
STU-00884,P04,Prefer not to say,1,Undergraduate,15,18-20
STU-00885,P03,Male,0,Postgraduate,3,21-24
STU-00886,P06,Female,0,Postgraduate,22,21-24
STU-00887,P03,Female,0,Undergraduate,26,21-24
STU-00888,P05,Non-binary,0,Undergraduate,9,25-34
STU-00889,P05,Female,0,Undergraduate,48,18-20
STU-00890,P04,Male,0,Undergraduate,5,25-34
STU-00891,P06,Male,0,Undergraduate,17,21-24
STU-00892,P06,Female,0,Undergraduate,24,18-20
STU-00893,P02,Female,0,Undergraduate,6,18-20
STU-00894,P01,Male,0,Undergraduate,26,21-24
STU-00895,P06,Female,0,Postgraduate,11,18-20
STU-00896,P05,Male,0,Postgraduate,36,21-24
STU-00897,P05,Male,1,Postgraduate,42,21-24
STU-00898,P02,Female,1,Undergraduate,5,21-24
STU-00899,P06,Female,0,Undergraduate,28,21-24
STU-00900,P05,Female,0,Undergraduate,45,18-20
